{
  "Homepage" : {
    "transaction" : "Homepage",
    "sampleCount" : 250,
    "errorCount" : 1,
    "errorPct" : 0.4,
    "meanResTime" : 17276.352,
    "medianResTime" : 13026.5,
    "minResTime" : 2178.0,
    "maxResTime" : 72594.0,
    "pct1ResTime" : 30472.9,
    "pct2ResTime" : 36754.99999999999,
    "pct3ResTime" : 51654.800000000054,
    "throughput" : 3.4079446004525753,
    "receivedKBytesPerSec" : 254.45189388001307,
    "sentKBytesPerSec" : 0.40440055106464184
  },
  "Total" : {
    "transaction" : "Total",
    "sampleCount" : 250,
    "errorCount" : 1,
    "errorPct" : 0.4,
    "meanResTime" : 17276.352,
    "medianResTime" : 13026.5,
    "minResTime" : 2178.0,
    "maxResTime" : 72594.0,
    "pct1ResTime" : 30472.9,
    "pct2ResTime" : 36754.99999999999,
    "pct3ResTime" : 51654.800000000054,
    "throughput" : 3.4079446004525753,
    "receivedKBytesPerSec" : 254.45189388001307,
    "sentKBytesPerSec" : 0.40440055106464184
  }
}